step,episode_reward,episode_success,train_success_ratio
0.0,83.3239974975586,0.0,0.0
50094.0,1425.821533203125,0.8,0.2064
100089.0,1678.101806640625,1.0,0.4415
150084.0,1661.349853515625,1.0,0.5289
200079.0,1680.547607421875,1.0,0.5767
250074.0,1573.651611328125,1.0,0.6085
300069.0,1678.9320068359375,1.0,0.6303
350064.0,1693.1068115234375,1.0,0.6471
400059.0,1676.087158203125,1.0,0.66
450054.0,1696.259033203125,1.0,0.6703
