step,episode_reward,episode_success,train_success_ratio
0.0,84.69957733154297,0.0,0.0
50094.0,127.89022064208984,0.0,0.0
100089.0,157.01876831054688,0.0,0.0
150084.0,289.50921630859375,0.0,0.0005
