step,episode_reward,episode_success,train_success_ratio
0.0,140.24960327148438,0.0,0.0
50094.0,242.134033203125,0.0,0.0
100089.0,319.5322570800781,0.0,0.0001
150084.0,1316.619384765625,0.9,0.0939
200079.0,1421.1214599609375,1.0,0.2674
250074.0,1489.2652587890625,1.0,0.3825
300069.0,1485.2220458984375,1.0,0.4605
