step,episode_reward,episode_success,seed
0,4.6244008302688595,0.0,1
50000,1332.7892090797425,0.7,1
100000,1796.3965576171875,1.0,1
150000,1858.2595947265625,1.0,1
200000,1877.1829956054687,1.0,1
