step,episode_reward,episode_success,seed
0,3.4899991154670715,0.0,1
50000,563.8257139921188,0.5,1
100000,944.7547862052918,0.6,1
150000,1040.7806330680846,0.6,1
200000,1445.9658027648925,0.8,1
