step,episode_reward,episode_success,train_success_ratio
0.0,94.55396270751953,0.0,0.0
50094.0,176.63180541992188,0.0,0.0
100089.0,466.15234375,0.0,0.0013
150084.0,894.6110229492188,0.0,0.0009
