step,episode_reward,episode_success,train_success_ratio
0.0,11.486385345458984,0.0,0.0
50094.0,1703.968505859375,1.0,0.3889
100089.0,1749.659423828125,1.0,0.5586
150084.0,1788.2484130859375,1.0,0.6273
200079.0,1728.3072509765625,1.0,0.6752
