step,episode_reward,episode_success,train_success_ratio
0.0,1.6573940515518188,0.0,0.0
50094.0,1219.563720703125,0.7,0.0757
100089.0,1582.393798828125,1.0,0.3198
150084.0,1435.2998046875,0.9,0.432
200079.0,1597.2213134765625,1.0,0.4937
250074.0,1604.299560546875,1.0,0.5348
300069.0,1602.27978515625,1.0,0.562
350064.0,1607.085693359375,1.0,0.5837
400059.0,1618.697265625,1.0,0.6005
450054.0,614.79833984375,0.3,0.613
