step,episode_reward,episode_success,train_success_ratio
0.0,20.27926254272461,0.0,0.0
50094.0,1595.8287353515625,0.9,0.441
100089.0,1648.7972412109375,0.9,0.5979
150084.0,1793.5892333984375,1.0,0.6527
200079.0,1788.962646484375,1.0,0.6889
