step,episode_reward,episode_success,train_success_ratio
0.0,84.2118148803711,0.0,0.0
50094.0,1224.974609375,0.8,0.2382
100089.0,1345.7939453125,0.8,0.4622
150084.0,1663.8505859375,1.0,0.5284
200079.0,1513.166748046875,0.9,0.5793
250074.0,1675.9771728515625,1.0,0.6114
300069.0,1682.320556640625,1.0,0.6338
350064.0,1688.6790771484375,1.0,0.6498
400059.0,1683.867919921875,1.0,0.6616
450054.0,1653.8919677734375,1.0,0.6715
