step,episode_reward,episode_success,train_success_ratio
0.0,110.39102935791016,0.0,0.0
50094.0,528.6697998046875,0.5,0.0451
100089.0,944.6847534179688,0.7,0.336
150084.0,1244.7103271484375,0.9,0.4924
