step,episode_reward,episode_success
0.0,76.0,0.0
50000.0,780.7000122070312,0.0
100000.0,886.0999755859375,0.0
150000.0,984.2000122070312,0.0
200000.0,972.5999755859375,0.0
250000.0,791.2000122070312,0.0
300000.0,985.2000122070312,0.0
350000.0,983.5,0.0
400000.0,983.5999755859375,0.0
450000.0,985.2000122070312,0.0
500000.0,976.2999877929688,0.0
550000.0,983.0999755859375,0.0
600000.0,989.7000122070312,0.0
