step,episode_reward,episode_success,train_success_ratio
0.0,116.95759582519531,0.0,0.0
50094.0,1227.3931884765625,0.7,0.4277
100089.0,1609.658935546875,1.0,0.5502
