step,episode_reward,episode_success,train_success_ratio
0.0,9.5997896194458,0.0,0.0
50094.0,1604.281982421875,0.9,0.357
100089.0,1792.6949462890625,1.0,0.497
150084.0,1750.060302734375,1.0,0.5893
200079.0,1756.0491943359375,1.0,0.6372
