step,episode_reward,episode_success,train_success_ratio
0.0,8.344587326049805,0.0,0.0
50094.0,23.971519470214844,0.0,0.0
100089.0,49.93329620361328,0.0,0.0
150084.0,110.9853744506836,0.0,0.0
200079.0,297.8650207519531,0.1,0.0003
250074.0,209.20779418945312,0.2,0.0007
300069.0,730.1190185546875,0.3,0.0023
