step,episode_reward,episode_success,train_success_ratio
0.0,1.2323436737060547,0.0,0.0
50094.0,36.47477722167969,0.0,0.0
100089.0,19.418813705444336,0.0,0.0
150084.0,10.10919189453125,0.0,0.0
200079.0,91.22422790527344,0.0,0.0
250074.0,189.11727905273438,0.0,0.0001
300069.0,333.47052001953125,0.0,0.0006
