step,episode_reward,episode_success,train_success_ratio
0.0,87.10812377929688,0.0,0.0
50094.0,154.45945739746094,0.0,0.0
100089.0,339.8018493652344,0.0,0.0
150084.0,477.126220703125,0.0,0.0002
