step,episode_reward,episode_success,seed
0,11.071664714813233,0.0,1
50000,1247.4141040802,0.8,1
100000,1149.818642425537,0.6,1
150000,1329.0305080413818,0.8,1
200000,1704.228466796875,1.0,1
