step,episode_reward,episode_success,seed
0,3.7807056188583372,0.0,1
50000,729.4877319335938,0.4,1
100000,1042.4055395126343,0.6,1
150000,1615.2085613250733,0.9,1
200000,1610.3595363616944,0.9,1
