step,episode_reward,episode_success,seed
0,3.5602609157562255,0.0,1
50000,518.6812044143677,0.3,1
100000,497.9868757724762,0.3,1
150000,508.9106162786484,0.4,1
200000,365.58716931343076,0.2,1
