step,episode_reward,episode_success,train_success_ratio
0.0,4.976582050323486,0.0,0.0
50094.0,17.06863021850586,0.0,0.0
100089.0,53.56648635864258,0.0,0.0
150084.0,124.94718170166016,0.0,0.0002
