step,episode_reward,episode_success,train_success_ratio
0.0,4.037783145904541,0.0,0.0
50094.0,577.0076293945312,0.1,0.0
100089.0,1173.17333984375,0.8,0.0635
150084.0,1303.6905517578125,0.6,0.1629
