step,episode_reward,episode_success,train_success_ratio
0.0,0.8899142146110535,0.0,0.0
50094.0,1122.6708984375,0.6,0.1177
100089.0,1361.818359375,0.7,0.3599
150084.0,1616.357666015625,1.0,0.4659
200079.0,1592.785888671875,0.9,0.5225
250074.0,1167.543212890625,0.6,0.5599
