step,episode_reward,episode_success,train_success_ratio
0.0,85.48509979248047,0.0,0.0
50094.0,799.4840087890625,0.0,0.0054
100089.0,1312.6043701171875,0.2,0.0137
150084.0,1659.8330078125,1.0,0.2205
200079.0,1525.003662109375,0.9,0.3506
250074.0,1683.239990234375,1.0,0.4298
300069.0,1676.7310791015625,1.0,0.4819
350064.0,894.9210815429688,0.6,0.5206
400059.0,1532.2608642578125,0.9,0.5506
450054.0,1688.245361328125,1.0,0.5733
