step,episode_reward,episode_success,train_success_ratio
0.0,112.50309753417969,0.0,0.0
50094.0,1598.050537109375,1.0,0.4318
100089.0,1361.6790771484375,0.9,0.5443
150084.0,1587.1043701171875,1.0,0.6012
200079.0,1384.6329345703125,0.9,0.6341
250074.0,1559.555419921875,1.0,0.6556
