step,episode_reward,episode_success,train_success_ratio
0.0,101.90839385986328,0.0,0.0
50094.0,209.23788452148438,0.0,0.0018
100089.0,1047.47509765625,0.8,0.1048
150084.0,1335.830078125,0.9,0.3274
200079.0,1183.353759765625,1.0,0.4493
250074.0,1513.288330078125,1.0,0.5306
300069.0,1211.423828125,0.8,0.5817
